{"Newbie":[7.6098748411528865,7.860138368886743],"Pupil":[19.401508468216353,20.168502397412045],"Apprentice":[30.2210620670698,31.483233248017374],"Specialist":[40.109993665151684,42.21533798361647],"Expert":[47.31173548572665,50.6060159935633],"Candidate Master":[54.79817978151279,60.4084108395265],"Master":[62.253189503262504,70.96525709867923],"International Master":[58.41146511699647,70.57342914282226],"Grandmaster":[80.78360371820347,103.43999876626859],"International Grandmaster":[71.56323657314566,101.03377835222749],"Legendary Grandmaster":[113.53351158700434,189.60934555585283]}