{"Newbie":[87.72182955978452,108.48397518955584],"Pupil":[148.7077685492728,155.88377804054468],"Apprentice":[231.82388999499312,242.39415582080863],"Specialist":[327.3102298723886,346.0385655787561],"Expert":[444.70732487910175,475.67278264777997],"Candidate Master":[544.3938469823885,603.146382902669],"Master":[674.1099914365778,761.4439523530867],"International Master":[802.7739375508721,951.9176145119962],"Grandmaster":[1171.4763860263627,1446.110080139051],"International Grandmaster":[1244.0451441635364,1766.1404228467727],"Legendary Grandmaster":[1646.551758684535,2951.781574648798]}