{"Newbie":[46.045467939322776,88.51703206067722],"Pupil":[132.93737315198226,191.41290933389345],"Apprentice":[273.9777168638652,295.89898768158935],"Specialist":[331.7778840736541,351.10289912546165],"Expert":[446.56660618240346,477.6481044720043],"Candidate Master":[546.1943772927378,605.0743654984964],"Master":[676.44097226103,763.9630313786425],"International Master":[802.7739375508721,951.9176145119962],"Grandmaster":[1171.4763860263627,1446.110080139051],"International Grandmaster":[1244.0451441635364,1766.1404228467727],"Legendary Grandmaster":[1646.551758684535,2951.781574648798]}