{"slope":[0.32380730052825674,0.33725787125249423],"intercept":[1286.378997066216,1293.527671199296]}