{"slope":[0.20310126521200192,0.2181317899657971],"intercept":[1522.11355976969,1532.7118104923209]}