{"bucketSize":50,"mean":1030.328066366463,"stdDev":403.2208623700311,"median":993,"skew":0.2777242190326509,"distribution":[2,4,0,1,6,13,440,5317,1291,450,362,2039,2460,1850,2827,3848,3990,4531,4338,4076,3772,3526,3392,3115,3230,2717,2378,1942,2098,1623,1442,1169,1171,914,702,593,483,401,395,299,205,149,281,189,132,105,59,35,32,35,27,28,22,17,18,18,8,11,5,7,4,0,4,2,3,1,0,2,0,1,0,1,2,0,1,0,0,0,0,0]}