{"bucketSize":50,"mean":1390.395542479669,"stdDev":318.28717322872274,"median":1312,"skew":0.7389133060351162,"distribution":[0,0,0,0,0,0,0,6,2,1,4,8,8,8,26,26,39,75,176,390,1551,2739,3086,3034,3323,2819,2494,2060,2269,1721,1539,1154,1319,988,781,632,530,427,443,340,241,199,361,302,191,156,99,63,63,61,45,42,34,21,28,24,10,15,10,10,8,3,7,2,3,2,1,2,0,1,0,1,4,0,1,0,0,0,1,0]}