{"bucketSize":50,"mean":1185.4542812073519,"stdDev":329.1774552028854,"median":1117,"skew":0.6238666724471825,"distribution":[0,0,0,0,0,0,0,0,0,0,0,0,0,49,93,3047,3778,4425,4274,4033,3753,3517,3384,3115,3226,2714,2377,1942,2098,1623,1442,1169,1171,914,702,593,483,401,395,299,205,149,281,189,132,105,59,35,32,35,27,28,22,17,18,18,8,11,5,7,4,0,4,2,3,1,0,2,0,1,0,1,2,0,1,0,0,0,0,0]}