{"bucketSize":50,"mean":1039.910708702095,"stdDev":397.94108131553105,"median":999,"skew":0.30841783336505946,"distribution":[0,0,0,0,0,6,4,4805,1291,450,362,1983,2441,1847,2824,3848,3988,4530,4336,4076,3772,3526,3392,3115,3230,2717,2378,1942,2098,1623,1442,1169,1171,914,702,593,483,401,395,299,205,149,281,189,132,105,59,35,32,35,27,28,22,17,18,18,8,11,5,7,4,0,4,2,3,1,0,2,0,1,0,1,2,0,1,0,0,0,0,0]}