{"Newbie":[50.691837321917966,52.66597095766971],"Pupil":[138.72107142190347,144.8603845723015],"Apprentice":[233.3995056916139,244.3160879579429],"Specialist":[339.35885853606607,359.0776544140287],"Expert":[452.6897381289898,485.7037529952705],"Candidate Master":[560.0176394097812,619.6959220604342],"Master":[695.4142541101219,801.1634157927908],"International Master":[758.2075638451971,939.0492337378845],"Grandmaster":[1219.1637203443595,1590.9108138171312],"International Grandmaster":[1181.6197722056202,1777.9324666003502],"Legendary Grandmaster":[1896.8921389363124,3969.0126229684493]}